ID Riset,Kelompok Riset,Kegiatan Riset,Nama,Peran,Kategori
R001,Pemerintahan Digital (Digital Government),Sistem Pemerintahan Berbasis Elektronik,"Dra. Andrari Grahitandaru, M.Sc.",Koordinator,BRIN PRSDI
R001,Pemerintahan Digital (Digital Government),Sistem Pemerintahan Berbasis Elektronik,"Drs. Zain Saifullah, M.Sc.",Anggota,BRIN PRSDI
R001,Pemerintahan Digital (Digital Government),Sistem Pemerintahan Berbasis Elektronik,"Nimas Ayu Untariyati, S.Kom., M.T.I.",Anggota,BRIN PRSDI
R001,Pemerintahan Digital (Digital Government),Sistem Pemerintahan Berbasis Elektronik,"Harnum Annisa Prafitia, S.Si",Anggota,BRIN PRSDI
R002,Pemerintahan Digital (Digital Government),Implementasi Flipped Classroom dan Gamifikasi dalam Pembelajaran Matematika,"Dr. Ekawati Marlina, S.T., M.T.",Koordinator,BRIN PRSDI
R002,Pemerintahan Digital (Digital Government),Implementasi Flipped Classroom dan Gamifikasi dalam Pembelajaran Matematika,"Dr. Eng. Budi Nugroho, S.Si., M.T.",Anggota,BRIN PRSDI
R002,Pemerintahan Digital (Digital Government),Implementasi Flipped Classroom dan Gamifikasi dalam Pembelajaran Matematika,"Dr. Ira Maryati, S.TP., M.P.",Anggota,BRIN PRSDI
R002,Pemerintahan Digital (Digital Government),Implementasi Flipped Classroom dan Gamifikasi dalam Pembelajaran Matematika,"Dr. Yaniasih, S.TP., M.P.",Anggota,BRIN PRSDI
R002,Pemerintahan Digital (Digital Government),Implementasi Flipped Classroom dan Gamifikasi dalam Pembelajaran Matematika,"Nimas Ayu Untariyati, S.Kom., M.T.I.",Anggota,BRIN PRSDI
R002,Pemerintahan Digital (Digital Government),Implementasi Flipped Classroom dan Gamifikasi dalam Pembelajaran Matematika,"Dra. Andrari Grahitandaru, M.Sc.",Anggota,BRIN PRSDI
R002,Pemerintahan Digital (Digital Government),Implementasi Flipped Classroom dan Gamifikasi dalam Pembelajaran Matematika,"Drs. Zain Saifullah, M.Sc.",Anggota,BRIN PRSDI
R002,Pemerintahan Digital (Digital Government),Implementasi Flipped Classroom dan Gamifikasi dalam Pembelajaran Matematika,Dr. Della Maulidiya,Anggota,Eksternal BRIN
R003,Pemerintahan Digital (Digital Government),Citizen Engagement dalam Pemerintahan Digital,"Nimas Ayu Untariyati, S.Kom., M.T.I.",Koordinator,BRIN PRSDI
R003,Pemerintahan Digital (Digital Government),Citizen Engagement dalam Pemerintahan Digital,"Dr. Eng. Budi Nugroho, S.Si., M.T.",Anggota,BRIN PRSDI
R003,Pemerintahan Digital (Digital Government),Citizen Engagement dalam Pemerintahan Digital,"Dr. Ekawati Marlina, S.T., M.T.",Anggota,BRIN PRSDI
R003,Pemerintahan Digital (Digital Government),Citizen Engagement dalam Pemerintahan Digital,"Dra. Andrari Grahitandaru, M.Sc.",Anggota,BRIN PRSDI
R003,Pemerintahan Digital (Digital Government),Citizen Engagement dalam Pemerintahan Digital,"Hengki Muradi, M.Si.",Anggota,BRIN PRSDI
R003,Pemerintahan Digital (Digital Government),Citizen Engagement dalam Pemerintahan Digital,"Rival Adrian Juliansyah, S.Kom.",Anggota,BRIN PRSDI
R003,Pemerintahan Digital (Digital Government),Citizen Engagement dalam Pemerintahan Digital,"Drs. Zain Saifullah, M.Sc.",Anggota,BRIN PRSDI
R003,Pemerintahan Digital (Digital Government),Citizen Engagement dalam Pemerintahan Digital,"Rezzy Eko Caraka, S.Si., M.Sc(RES)., Ph.D.",Anggota,BRIN PRSDI
R004,Pemerintahan Digital (Digital Government),Riset Model Kematangan Sosial Media (Social Media Maturity Model) Pada Perusahaan Crowdfunding di Indonesia,"Dr. Eng. Budi Nugroho, S.Si., M.T.",Koordinator,BRIN PRSDI
R004,Pemerintahan Digital (Digital Government),Riset Model Kematangan Sosial Media (Social Media Maturity Model) Pada Perusahaan Crowdfunding di Indonesia,Merios Gusan Putra,Anggota,Eksternal BRIN
R004,Pemerintahan Digital (Digital Government),Riset Model Kematangan Sosial Media (Social Media Maturity Model) Pada Perusahaan Crowdfunding di Indonesia,"Prof. Drs. Mustafid, M.Eng., Ph.D.",Anggota,Eksternal BRIN
R004,Pemerintahan Digital (Digital Government),Riset Model Kematangan Sosial Media (Social Media Maturity Model) Pada Perusahaan Crowdfunding di Indonesia,"Prof. Dr. Aries Susanty, S.T., M.T.",Anggota,Eksternal BRIN
R005,Pemerintahan Digital (Digital Government),Pengembangan Dasbor Pengambilan Keputusan Pembangunan Daerah Berbasis Big Data Dengan Pendekatan Dynamic System Dan Dukungan Artificial Intelligence,"Dr. Eng. Budi Nugroho, S.Si., M.T.",Koordinator,BRIN PRSDI
R005,Pemerintahan Digital (Digital Government),Pengembangan Dasbor Pengambilan Keputusan Pembangunan Daerah Berbasis Big Data Dengan Pendekatan Dynamic System Dan Dukungan Artificial Intelligence,Sumirah,Anggota,Eksternal BRIN
R005,Pemerintahan Digital (Digital Government),Pengembangan Dasbor Pengambilan Keputusan Pembangunan Daerah Berbasis Big Data Dengan Pendekatan Dynamic System Dan Dukungan Artificial Intelligence,"Dr. Eng. Adi Wibowo, S.Si., M.Kom.",Anggota,Eksternal BRIN
R005,Pemerintahan Digital (Digital Government),Pengembangan Dasbor Pengambilan Keputusan Pembangunan Daerah Berbasis Big Data Dengan Pendekatan Dynamic System Dan Dukungan Artificial Intelligence,"Dra. Andrari Grahitandaru, M.Sc.",Anggota,BRIN PRSDI
R006,Pemerintahan Digital (Digital Government),"Kegiatan Penelitian, Pengembangan, Pengkajian, dan Penerapan, serta Invensi dan Inovasi dalam Rangka Pembangunan Daerah di Kabupaten Lombok Barat","Dr. Eng. Budi Nugroho, S.Si., M.T.",Koordinator,BRIN PRSDI
R006,Pemerintahan Digital (Digital Government),"Kegiatan Penelitian, Pengembangan, Pengkajian, dan Penerapan, serta Invensi dan Inovasi dalam Rangka Pembangunan Daerah di Kabupaten Lombok Barat","Dra. Andrari Grahitandaru, M.Sc.",Anggota,BRIN PRSDI
R006,Pemerintahan Digital (Digital Government),"Kegiatan Penelitian, Pengembangan, Pengkajian, dan Penerapan, serta Invensi dan Inovasi dalam Rangka Pembangunan Daerah di Kabupaten Lombok Barat","Drs. Zain Saifullah, M.Sc.",Anggota,BRIN PRSDI
R006,Pemerintahan Digital (Digital Government),"Kegiatan Penelitian, Pengembangan, Pengkajian, dan Penerapan, serta Invensi dan Inovasi dalam Rangka Pembangunan Daerah di Kabupaten Lombok Barat","Nimas Ayu Untariyati, S.Kom., M.T.I.",Anggota,BRIN PRSDI
R006,Pemerintahan Digital (Digital Government),"Kegiatan Penelitian, Pengembangan, Pengkajian, dan Penerapan, serta Invensi dan Inovasi dalam Rangka Pembangunan Daerah di Kabupaten Lombok Barat","Harnum Annisa Prafitia, S.Si",Anggota,BRIN PRSDI
R006,Pemerintahan Digital (Digital Government),"Kegiatan Penelitian, Pengembangan, Pengkajian, dan Penerapan, serta Invensi dan Inovasi dalam Rangka Pembangunan Daerah di Kabupaten Lombok Barat","Rival Adrian Juliansyah, S.Kom.",Anggota,BRIN PRSDI
R006,Pemerintahan Digital (Digital Government),"Kegiatan Penelitian, Pengembangan, Pengkajian, dan Penerapan, serta Invensi dan Inovasi dalam Rangka Pembangunan Daerah di Kabupaten Lombok Barat","Hengki Muradi, M.Si.",Anggota,BRIN PRSDI
R006,Pemerintahan Digital (Digital Government),"Kegiatan Penelitian, Pengembangan, Pengkajian, dan Penerapan, serta Invensi dan Inovasi dalam Rangka Pembangunan Daerah di Kabupaten Lombok Barat","Rezzy Eko Caraka, S.Si., M.Sc(RES)., Ph.D.",Anggota,BRIN PRSDI
R006,Pemerintahan Digital (Digital Government),"Kegiatan Penelitian, Pengembangan, Pengkajian, dan Penerapan, serta Invensi dan Inovasi dalam Rangka Pembangunan Daerah di Kabupaten Lombok Barat","Dr. Ekawati Marlina, S.T., M.T.",Anggota,BRIN PRSDI
R007,Pemerintahan Digital (Digital Government),Riset Narasi dan Sentimen Media Digital di Indonesia Menggunakan Business Analytics,"Rezzy Eko Caraka, S.Si., M.Sc(RES)., Ph.D.",Koordinator,BRIN PRSDI
R007,Pemerintahan Digital (Digital Government),Riset Narasi dan Sentimen Media Digital di Indonesia Menggunakan Business Analytics,Salwa Shaumma Nurhaliz,Anggota,Eksternal BRIN
R007,Pemerintahan Digital (Digital Government),Riset Narasi dan Sentimen Media Digital di Indonesia Menggunakan Business Analytics,Nicholas Dwi Chandra,Anggota,Eksternal BRIN
R008,Pemerintahan Digital (Digital Government),Mengungkap Dinamika Inflasi IHK di Indonesia melalui Analisis Intervensi,"Rezzy Eko Caraka, S.Si., M.Sc(RES)., Ph.D.",Koordinator,BRIN PRSDI
R008,Pemerintahan Digital (Digital Government),Mengungkap Dinamika Inflasi IHK di Indonesia melalui Analisis Intervensi,"Dra. Andrari Grahitandaru, M.Sc.",Anggota,BRIN PRSDI
R008,Pemerintahan Digital (Digital Government),Mengungkap Dinamika Inflasi IHK di Indonesia melalui Analisis Intervensi,"Nimas Ayu Untariyati, S.Kom., M.T.I.",Anggota,BRIN PRSDI
R008,Pemerintahan Digital (Digital Government),Mengungkap Dinamika Inflasi IHK di Indonesia melalui Analisis Intervensi,"Dr. Eng. Budi Nugroho, S.Si., M.T.",Anggota,BRIN PRSDI
R008,Pemerintahan Digital (Digital Government),Mengungkap Dinamika Inflasi IHK di Indonesia melalui Analisis Intervensi,Prof. Rung Ching Chen,Anggota,Eksternal BRIN
R009,Pemerintahan Digital (Digital Government),Evaluasi Aksesibilitas dan Kesenjangan Internet di Indonesia Menggunakan Integrasi Data SUSENAS dan OOKLA,"Rezzy Eko Caraka, S.Si., M.Sc(RES)., Ph.D.",Koordinator,BRIN PRSDI
R009,Pemerintahan Digital (Digital Government),Evaluasi Aksesibilitas dan Kesenjangan Internet di Indonesia Menggunakan Integrasi Data SUSENAS dan OOKLA,"Dr. Esa Prakasa, M.T.",Anggota,BRIN PRSDI
R009,Pemerintahan Digital (Digital Government),Evaluasi Aksesibilitas dan Kesenjangan Internet di Indonesia Menggunakan Integrasi Data SUSENAS dan OOKLA,"Dr. Rumanintya Lisaria Putri, S.E., M.M.",Anggota,BRIN Non-PRSDI
R009,Pemerintahan Digital (Digital Government),Evaluasi Aksesibilitas dan Kesenjangan Internet di Indonesia Menggunakan Integrasi Data SUSENAS dan OOKLA,"Dr. Drs. Amos, MM",Anggota,BRIN Non-PRSDI
R009,Pemerintahan Digital (Digital Government),Evaluasi Aksesibilitas dan Kesenjangan Internet di Indonesia Menggunakan Integrasi Data SUSENAS dan OOKLA,"Dian Yudha Risdianto, M.T.",Anggota,BRIN Non-PRSDI
R010,Interaksi Manusia-Komputer dan Visualisasi (Human Computer Interaction and Visualisation),Pengembangan Sistem Manajemen E-commerce Terintegrasi,"Arafat Febriandirza, Ph.D.",Koordinator,BRIN PRSDI
R010,Interaksi Manusia-Komputer dan Visualisasi (Human Computer Interaction and Visualisation),Pengembangan Sistem Manajemen E-commerce Terintegrasi,"Dr. Eng. Budi Nugroho, S.Si., M.T.",Anggota,BRIN PRSDI
R010,Interaksi Manusia-Komputer dan Visualisasi (Human Computer Interaction and Visualisation),Pengembangan Sistem Manajemen E-commerce Terintegrasi,"Dr. Ambar Yoganingrum, Apt., M.Kes.",Anggota,BRIN PRSDI
R010,Interaksi Manusia-Komputer dan Visualisasi (Human Computer Interaction and Visualisation),Pengembangan Sistem Manajemen E-commerce Terintegrasi,"M. Yudhi Rezaldi, M.Ds., Ph.D.",Anggota,BRIN PRSDI
R010,Interaksi Manusia-Komputer dan Visualisasi (Human Computer Interaction and Visualisation),Pengembangan Sistem Manajemen E-commerce Terintegrasi,"Abdurrakhman Prasetyadi, S.Sos., M.P.",Anggota,BRIN PRSDI
R010,Interaksi Manusia-Komputer dan Visualisasi (Human Computer Interaction and Visualisation),Pengembangan Sistem Manajemen E-commerce Terintegrasi,"Christine Cecylia Munthe, S.Kom., M.T.I.",Anggota,BRIN PRSDI
R010,Interaksi Manusia-Komputer dan Visualisasi (Human Computer Interaction and Visualisation),Pengembangan Sistem Manajemen E-commerce Terintegrasi,Marcellito Vido Triwibowo,Anggota,Eksternal BRIN
R010,Interaksi Manusia-Komputer dan Visualisasi (Human Computer Interaction and Visualisation),Pengembangan Sistem Manajemen E-commerce Terintegrasi,Dery Andrian Pratama,Anggota,Eksternal BRIN
R011,Interaksi Manusia-Komputer dan Visualisasi (Human Computer Interaction and Visualisation),Pengembangan Sistem Identifikasi dan Visualisasi Fitoplankton Perairan Indonesia,"Dr. Esa Prakasa, M.T.",Koordinator,BRIN PRSDI
R011,Interaksi Manusia-Komputer dan Visualisasi (Human Computer Interaction and Visualisation),Pengembangan Sistem Identifikasi dan Visualisasi Fitoplankton Perairan Indonesia,"Aria Bisri, S.Kom., M.T.",Anggota,BRIN PRSDI
R011,Interaksi Manusia-Komputer dan Visualisasi (Human Computer Interaction and Visualisation),Pengembangan Sistem Identifikasi dan Visualisasi Fitoplankton Perairan Indonesia,"Dr. Diah Radini Noerdjito, S.Si., M.Si.",Anggota,BRIN Non-PRSDI
R011,Interaksi Manusia-Komputer dan Visualisasi (Human Computer Interaction and Visualisation),Pengembangan Sistem Identifikasi dan Visualisasi Fitoplankton Perairan Indonesia,"Mariana Destila Bayu Intan, M.Si.",Anggota,BRIN Non-PRSDI
R011,Interaksi Manusia-Komputer dan Visualisasi (Human Computer Interaction and Visualisation),Pengembangan Sistem Identifikasi dan Visualisasi Fitoplankton Perairan Indonesia,"Riyo Wardoyo, S.T., M.T.",Anggota,BRIN Non-PRSDI
R011,Interaksi Manusia-Komputer dan Visualisasi (Human Computer Interaction and Visualisation),Pengembangan Sistem Identifikasi dan Visualisasi Fitoplankton Perairan Indonesia,"Ovide Decroly Wisnu Ardhi, S.T., M.Eng.",Anggota,Eksternal BRIN
R011,Interaksi Manusia-Komputer dan Visualisasi (Human Computer Interaction and Visualisation),Pengembangan Sistem Identifikasi dan Visualisasi Fitoplankton Perairan Indonesia,"Prof. Dr. Tri Retnaningsih Soeprobowati, M.App.Sc.",Anggota,Eksternal BRIN
R011,Interaksi Manusia-Komputer dan Visualisasi (Human Computer Interaction and Visualisation),Pengembangan Sistem Identifikasi dan Visualisasi Fitoplankton Perairan Indonesia,"Prof. Dr. Kusworo Adi, S.Si., M.T.",Anggota,Eksternal BRIN
R011,Interaksi Manusia-Komputer dan Visualisasi (Human Computer Interaction and Visualisation),Pengembangan Sistem Identifikasi dan Visualisasi Fitoplankton Perairan Indonesia,Feryadi Yulius,Anggota,Eksternal BRIN
R011,Interaksi Manusia-Komputer dan Visualisasi (Human Computer Interaction and Visualisation),Pengembangan Sistem Identifikasi dan Visualisasi Fitoplankton Perairan Indonesia,Raid Muhammad Naufal,Anggota,Eksternal BRIN
R011,Interaksi Manusia-Komputer dan Visualisasi (Human Computer Interaction and Visualisation),Pengembangan Sistem Identifikasi dan Visualisasi Fitoplankton Perairan Indonesia,Melinda Naurah Salsabila,Anggota,Eksternal BRIN
R011,Interaksi Manusia-Komputer dan Visualisasi (Human Computer Interaction and Visualisation),Pengembangan Sistem Identifikasi dan Visualisasi Fitoplankton Perairan Indonesia,Muhammad Iqbal Maulana,Anggota,Eksternal BRIN
R011,Interaksi Manusia-Komputer dan Visualisasi (Human Computer Interaction and Visualisation),Pengembangan Sistem Identifikasi dan Visualisasi Fitoplankton Perairan Indonesia,Fadillatus Syahidah,Anggota,Eksternal BRIN
R012,Interaksi Manusia-Komputer dan Visualisasi (Human Computer Interaction and Visualisation),Pengembangan Virtual Reality Metaverse Laboratorium Komputer KST Samaun Samadikun,"Abdurrakhman Prasetyadi, S.Sos., M.P.",Koordinator,BRIN PRSDI
R012,Interaksi Manusia-Komputer dan Visualisasi (Human Computer Interaction and Visualisation),Pengembangan Virtual Reality Metaverse Laboratorium Komputer KST Samaun Samadikun,"M. Yudhi Rezaldi, M.Ds., Ph.D.",Anggota,BRIN PRSDI
R012,Interaksi Manusia-Komputer dan Visualisasi (Human Computer Interaction and Visualisation),Pengembangan Virtual Reality Metaverse Laboratorium Komputer KST Samaun Samadikun,"Arafat Febriandirza, Ph.D.",Anggota,BRIN PRSDI
R012,Interaksi Manusia-Komputer dan Visualisasi (Human Computer Interaction and Visualisation),Pengembangan Virtual Reality Metaverse Laboratorium Komputer KST Samaun Samadikun,"Cahyo Trianggoro, S.IIP",Anggota,BRIN Non-PRSDI
R012,Interaksi Manusia-Komputer dan Visualisasi (Human Computer Interaction and Visualisation),Pengembangan Virtual Reality Metaverse Laboratorium Komputer KST Samaun Samadikun,"Aria Bisri, S.Kom., M.T.",Anggota,BRIN PRSDI
R012,Interaksi Manusia-Komputer dan Visualisasi (Human Computer Interaction and Visualisation),Pengembangan Virtual Reality Metaverse Laboratorium Komputer KST Samaun Samadikun,"Ridwan Suhud, S.Kom., M.T.",Anggota,BRIN PRSDI
R012,Interaksi Manusia-Komputer dan Visualisasi (Human Computer Interaction and Visualisation),Pengembangan Virtual Reality Metaverse Laboratorium Komputer KST Samaun Samadikun,"Ayung Candra Padmasari, M.T.",Anggota,Eksternal BRIN
R012,Interaksi Manusia-Komputer dan Visualisasi (Human Computer Interaction and Visualisation),Pengembangan Virtual Reality Metaverse Laboratorium Komputer KST Samaun Samadikun,Muhammad Mughni Nur Fayyadh,Anggota,Eksternal BRIN
R013,Interaksi Manusia-Komputer dan Visualisasi (Human Computer Interaction and Visualisation),Program Mandiri tentang Pengembangan Teknologi Digital Twin pada Sistem Smart Parking di KST Samaun Bandung,"Dr. Esa Prakasa, M.T.",Koordinator,BRIN PRSDI
R013,Interaksi Manusia-Komputer dan Visualisasi (Human Computer Interaction and Visualisation),Program Mandiri tentang Pengembangan Teknologi Digital Twin pada Sistem Smart Parking di KST Samaun Bandung,"Abdurrakhman Prasetyadi, S.Sos., M.P.",Anggota,BRIN PRSDI
R013,Interaksi Manusia-Komputer dan Visualisasi (Human Computer Interaction and Visualisation),Program Mandiri tentang Pengembangan Teknologi Digital Twin pada Sistem Smart Parking di KST Samaun Bandung,"M. Yudhi Rezaldi, M.Ds., Ph.D.",Anggota,BRIN PRSDI
R013,Interaksi Manusia-Komputer dan Visualisasi (Human Computer Interaction and Visualisation),Program Mandiri tentang Pengembangan Teknologi Digital Twin pada Sistem Smart Parking di KST Samaun Bandung,Defdava Anandhia Haryadi,Anggota,Eksternal BRIN
R013,Interaksi Manusia-Komputer dan Visualisasi (Human Computer Interaction and Visualisation),Program Mandiri tentang Pengembangan Teknologi Digital Twin pada Sistem Smart Parking di KST Samaun Bandung,Iqbal Ghifari,Anggota,Eksternal BRIN
R013,Interaksi Manusia-Komputer dan Visualisasi (Human Computer Interaction and Visualisation),Program Mandiri tentang Pengembangan Teknologi Digital Twin pada Sistem Smart Parking di KST Samaun Bandung,Justin Advani,Anggota,Eksternal BRIN
R014,Interaksi Manusia-Komputer dan Visualisasi (Human Computer Interaction and Visualisation),Pengembangan Aplikasi Berbasis Augmented Reality (AR) untuk Pembelajaran Teknologi Nuklir,"Rio Nurtantyana, S.Pd., M.Pd., M.Sc., Ph.D.",Koordinator,BRIN PRSDI
R014,Interaksi Manusia-Komputer dan Visualisasi (Human Computer Interaction and Visualisation),Pengembangan Aplikasi Berbasis Augmented Reality (AR) untuk Pembelajaran Teknologi Nuklir,"Arafat Febriandirza, Ph.D.",Anggota,BRIN PRSDI
R014,Interaksi Manusia-Komputer dan Visualisasi (Human Computer Interaction and Visualisation),Pengembangan Aplikasi Berbasis Augmented Reality (AR) untuk Pembelajaran Teknologi Nuklir,"Halim Hamadi, M.Sc.",Anggota,BRIN PRSDI
R014,Interaksi Manusia-Komputer dan Visualisasi (Human Computer Interaction and Visualisation),Pengembangan Aplikasi Berbasis Augmented Reality (AR) untuk Pembelajaran Teknologi Nuklir,Sahara Eka Kencana Murni,Anggota,Eksternal BRIN
R015,Interaksi Manusia-Komputer dan Visualisasi (Human Computer Interaction and Visualisation),Pengembangan Aplikasi Desktop untuk Mengidentifikasi Potensi Kolaborasi Riset antara Dua Institusi atau Lembaga (Collab Identifier),"Rumadi, S.T., M.T.",Koordinator,BRIN PRSDI
R015,Interaksi Manusia-Komputer dan Visualisasi (Human Computer Interaction and Visualisation),Pengembangan Aplikasi Desktop untuk Mengidentifikasi Potensi Kolaborasi Riset antara Dua Institusi atau Lembaga (Collab Identifier),"Dr. Ambar Yoganingrum, Apt., M.Kes.",Anggota,BRIN PRSDI
R015,Interaksi Manusia-Komputer dan Visualisasi (Human Computer Interaction and Visualisation),Pengembangan Aplikasi Desktop untuk Mengidentifikasi Potensi Kolaborasi Riset antara Dua Institusi atau Lembaga (Collab Identifier),"Abdurrakhman Prasetyadi, S.Sos., M.P.",Anggota,BRIN PRSDI
R015,Interaksi Manusia-Komputer dan Visualisasi (Human Computer Interaction and Visualisation),Pengembangan Aplikasi Desktop untuk Mengidentifikasi Potensi Kolaborasi Riset antara Dua Institusi atau Lembaga (Collab Identifier),"Aria Bisri, S.Kom., M.T.",Anggota,BRIN PRSDI
R015,Interaksi Manusia-Komputer dan Visualisasi (Human Computer Interaction and Visualisation),Pengembangan Aplikasi Desktop untuk Mengidentifikasi Potensi Kolaborasi Riset antara Dua Institusi atau Lembaga (Collab Identifier),Dimas Bratakusumah,Anggota,Eksternal BRIN
R015,Interaksi Manusia-Komputer dan Visualisasi (Human Computer Interaction and Visualisation),Pengembangan Aplikasi Desktop untuk Mengidentifikasi Potensi Kolaborasi Riset antara Dua Institusi atau Lembaga (Collab Identifier),Dian Raisa Gumilar,Anggota,Eksternal BRIN
R016,Interaksi Manusia-Komputer dan Visualisasi (Human Computer Interaction and Visualisation),Pengembangan Aplikasi SDGs Mapping Tools,"Rumadi, S.T., M.T.",Koordinator,BRIN PRSDI
R016,Interaksi Manusia-Komputer dan Visualisasi (Human Computer Interaction and Visualisation),Pengembangan Aplikasi SDGs Mapping Tools,"Dr. Ambar Yoganingrum, Apt., M.Kes.",Anggota,BRIN PRSDI
R016,Interaksi Manusia-Komputer dan Visualisasi (Human Computer Interaction and Visualisation),Pengembangan Aplikasi SDGs Mapping Tools,"Abdurrakhman Prasetyadi, S.Sos., M.P.",Anggota,BRIN PRSDI
R016,Interaksi Manusia-Komputer dan Visualisasi (Human Computer Interaction and Visualisation),Pengembangan Aplikasi SDGs Mapping Tools,"Aria Bisri, S.Kom., M.T.",Anggota,BRIN PRSDI
R016,Interaksi Manusia-Komputer dan Visualisasi (Human Computer Interaction and Visualisation),Pengembangan Aplikasi SDGs Mapping Tools,Bimo Kusumo Putro Wicaksono,Anggota,Eksternal BRIN
R016,Interaksi Manusia-Komputer dan Visualisasi (Human Computer Interaction and Visualisation),Pengembangan Aplikasi SDGs Mapping Tools,Evan Adkara Christian Putra,Anggota,Eksternal BRIN
R016,Interaksi Manusia-Komputer dan Visualisasi (Human Computer Interaction and Visualisation),Pengembangan Aplikasi SDGs Mapping Tools,Yusry Anandita Yulianti,Anggota,Eksternal BRIN
R017,Temu Kembali Informasi (Information Retrieval),Pemantauan Kejadian Penyakit Menular Menggunakan Metode Digital Epidemiology Untuk Mendukung Program One Health,"Dr. Purnomo Husnul Khotimah, M.T.",Koordinator,BRIN PRSDI
R017,Temu Kembali Informasi (Information Retrieval),Pemantauan Kejadian Penyakit Menular Menggunakan Metode Digital Epidemiology Untuk Mendukung Program One Health,Dr. Ayu Purwarianti,Anggota,Eksternal BRIN
R017,Temu Kembali Informasi (Information Retrieval),Pemantauan Kejadian Penyakit Menular Menggunakan Metode Digital Epidemiology Untuk Mendukung Program One Health,"Prof. Harry Budi Santoso, Ph.D.",Anggota,Eksternal BRIN
R017,Temu Kembali Informasi (Information Retrieval),Pemantauan Kejadian Penyakit Menular Menggunakan Metode Digital Epidemiology Untuk Mendukung Program One Health,"Dian Kurniasari, S.Si., M.Sc.",Anggota,Eksternal BRIN
R017,Temu Kembali Informasi (Information Retrieval),Pemantauan Kejadian Penyakit Menular Menggunakan Metode Digital Epidemiology Untuk Mendukung Program One Health,"Dr. Wiwin Suwarningsih, M.T.",Anggota,BRIN PRSDI
R017,Temu Kembali Informasi (Information Retrieval),Pemantauan Kejadian Penyakit Menular Menggunakan Metode Digital Epidemiology Untuk Mendukung Program One Health,"Dr. Dipl. Ing. (FH) Anne Parlina, M.P.",Anggota,BRIN PRSDI
R017,Temu Kembali Informasi (Information Retrieval),Pemantauan Kejadian Penyakit Menular Menggunakan Metode Digital Epidemiology Untuk Mendukung Program One Health,"Dr. Ira Maryati, S.TP., M.P.",Anggota,BRIN PRSDI
R017,Temu Kembali Informasi (Information Retrieval),Pemantauan Kejadian Penyakit Menular Menggunakan Metode Digital Epidemiology Untuk Mendukung Program One Health,"Dr. Eng. Lia Sadita, S.Kom., M.Eng.",Anggota,Eksternal BRIN
R017,Temu Kembali Informasi (Information Retrieval),Pemantauan Kejadian Penyakit Menular Menggunakan Metode Digital Epidemiology Untuk Mendukung Program One Health,"Andria Arisal, S.T., MEDC.",Anggota,BRIN PRSDI
R017,Temu Kembali Informasi (Information Retrieval),Pemantauan Kejadian Penyakit Menular Menggunakan Metode Digital Epidemiology Untuk Mendukung Program One Health,"Andri Fachrur Rozie, S.Kom., M.Eng.",Anggota,BRIN PRSDI
R017,Temu Kembali Informasi (Information Retrieval),Pemantauan Kejadian Penyakit Menular Menggunakan Metode Digital Epidemiology Untuk Mendukung Program One Health,"Ir. Dianadewi Riswantini, M.Sc., M.B.A.",Anggota,BRIN PRSDI
R017,Temu Kembali Informasi (Information Retrieval),Pemantauan Kejadian Penyakit Menular Menggunakan Metode Digital Epidemiology Untuk Mendukung Program One Health,"Ekasari Nugraheni, M.T.",Anggota,BRIN PRSDI
R017,Temu Kembali Informasi (Information Retrieval),Pemantauan Kejadian Penyakit Menular Menggunakan Metode Digital Epidemiology Untuk Mendukung Program One Health,"Dr. Devi Munandar, S.Kom., M.Mat.",Anggota,BRIN PRSDI
R017,Temu Kembali Informasi (Information Retrieval),Pemantauan Kejadian Penyakit Menular Menggunakan Metode Digital Epidemiology Untuk Mendukung Program One Health,"Irfan Asfy Fakhry Anto, S.Kom., M.T.",Anggota,BRIN PRSDI
R017,Temu Kembali Informasi (Information Retrieval),Pemantauan Kejadian Penyakit Menular Menggunakan Metode Digital Epidemiology Untuk Mendukung Program One Health,"Nungki Dian Sulistyo Darmayanti, S.T., M.I.S.",Anggota,BRIN PRSDI
R017,Temu Kembali Informasi (Information Retrieval),Pemantauan Kejadian Penyakit Menular Menggunakan Metode Digital Epidemiology Untuk Mendukung Program One Health,Dr. Rifani Bhakti Natari,Anggota,Eksternal BRIN
R017,Temu Kembali Informasi (Information Retrieval),Pemantauan Kejadian Penyakit Menular Menggunakan Metode Digital Epidemiology Untuk Mendukung Program One Health,"Pandji Wibawa Dhewantara, S.Si, M.I.L, Ph.D.",Anggota,BRIN Non-PRSDI
R017,Temu Kembali Informasi (Information Retrieval),Pemantauan Kejadian Penyakit Menular Menggunakan Metode Digital Epidemiology Untuk Mendukung Program One Health,Dr. Maya Retno Ayu Setyautami,Anggota,Eksternal BRIN
R017,Temu Kembali Informasi (Information Retrieval),Pemantauan Kejadian Penyakit Menular Menggunakan Metode Digital Epidemiology Untuk Mendukung Program One Health,"Roni Salambue, S.Kom., M.Si.",Anggota,Eksternal BRIN
R018,Temu Kembali Informasi (Information Retrieval),Kegiatan Riset Big Data untuk Identifikasi Varietas Cabai Berbasis Kecerdasan Artifisial,"Dr. Wiwin Suwarningsih, M.T.",Koordinator,BRIN PRSDI
R018,Temu Kembali Informasi (Information Retrieval),Kegiatan Riset Big Data untuk Identifikasi Varietas Cabai Berbasis Kecerdasan Artifisial,"Dr. Rinda Kirana, S.P., M.P.",Anggota,BRIN Non-PRSDI
R018,Temu Kembali Informasi (Information Retrieval),Kegiatan Riset Big Data untuk Identifikasi Varietas Cabai Berbasis Kecerdasan Artifisial,"Dr. Purnomo Husnul Khotimah, M.T.",Anggota,BRIN PRSDI
R018,Temu Kembali Informasi (Information Retrieval),Kegiatan Riset Big Data untuk Identifikasi Varietas Cabai Berbasis Kecerdasan Artifisial,"Dr. Devi Munandar, S.Kom., M.Mat.",Anggota,BRIN PRSDI
R018,Temu Kembali Informasi (Information Retrieval),Kegiatan Riset Big Data untuk Identifikasi Varietas Cabai Berbasis Kecerdasan Artifisial,"Andri Fachrur Rozie, S.Kom., M.Eng.",Anggota,BRIN PRSDI
R018,Temu Kembali Informasi (Information Retrieval),Kegiatan Riset Big Data untuk Identifikasi Varietas Cabai Berbasis Kecerdasan Artifisial,"Ir. Dianadewi Riswantini, M.Sc., M.B.A.",Anggota,BRIN PRSDI
R018,Temu Kembali Informasi (Information Retrieval),Kegiatan Riset Big Data untuk Identifikasi Varietas Cabai Berbasis Kecerdasan Artifisial,"Ekasari Nugraheni, M.T.",Anggota,BRIN PRSDI
R018,Temu Kembali Informasi (Information Retrieval),Kegiatan Riset Big Data untuk Identifikasi Varietas Cabai Berbasis Kecerdasan Artifisial,"Andria Arisal, S.T., MEDC.",Anggota,BRIN PRSDI
R018,Temu Kembali Informasi (Information Retrieval),Kegiatan Riset Big Data untuk Identifikasi Varietas Cabai Berbasis Kecerdasan Artifisial,"Dr. Noor Roufiq Ahmadi, S.T.P, M.P.",Anggota,Eksternal BRIN
R019,Temu Kembali Informasi (Information Retrieval),Kegiatan Riset Pengembangan Aplikasi Berbasis Website untuk Pengelolaan Database Metabolit Ikan.,"Dr. Ira Maryati, S.TP., M.P.",Koordinator,BRIN PRSDI
R019,Temu Kembali Informasi (Information Retrieval),Kegiatan Riset Pengembangan Aplikasi Berbasis Website untuk Pengelolaan Database Metabolit Ikan.,"Dr. Dipl. Ing. (FH) Anne Parlina, M.P.",Anggota,BRIN PRSDI
R019,Temu Kembali Informasi (Information Retrieval),Kegiatan Riset Pengembangan Aplikasi Berbasis Website untuk Pengelolaan Database Metabolit Ikan.,"Dr. Eng. Lia Sadita, S.Kom., M.Eng.",Anggota,Eksternal BRIN
R019,Temu Kembali Informasi (Information Retrieval),Kegiatan Riset Pengembangan Aplikasi Berbasis Website untuk Pengelolaan Database Metabolit Ikan.,"Prof. Harry Budi Santoso, Ph.D.",Anggota,Eksternal BRIN
R020,Temu Kembali Informasi (Information Retrieval),Kegiatan Riset tentang Klasifikasi Tingkatan Agtron Biji Kopi Panggang berbasis Citra Digital dan Neural Network.,"Irfan Asfy Fakhry Anto, S.Kom., M.T.",Koordinator,BRIN PRSDI
R020,Temu Kembali Informasi (Information Retrieval),Kegiatan Riset tentang Klasifikasi Tingkatan Agtron Biji Kopi Panggang berbasis Citra Digital dan Neural Network.,"Jony Winaryo Wibowo, S.Si., M.T.",Anggota,BRIN Non-PRSDI
R020,Temu Kembali Informasi (Information Retrieval),Kegiatan Riset tentang Klasifikasi Tingkatan Agtron Biji Kopi Panggang berbasis Citra Digital dan Neural Network.,"Aris Munandar, S.Si.",Anggota,BRIN Non-PRSDI
R020,Temu Kembali Informasi (Information Retrieval),Kegiatan Riset tentang Klasifikasi Tingkatan Agtron Biji Kopi Panggang berbasis Citra Digital dan Neural Network.,"Taufik Ibnu Salim, S.Si., M.T.",Anggota,BRIN Non-PRSDI
R021,Rekayasa Pengetahuan dan Data (Knowledge and Data Engineering),"Kegiatan Riset Pembangunan Sistem Big Data Bahasa dan Folklor Lisan Perbatasan Kalimantan Barat, Indonesia ‒ Sarawak, Malaysia dalam Kerangka Pelestarian Budaya Indonesia","Dr. Foni Agus Setiawan, M.Kom.",Koordinator,BRIN PRSDI
R021,Rekayasa Pengetahuan dan Data (Knowledge and Data Engineering),"Kegiatan Riset Pembangunan Sistem Big Data Bahasa dan Folklor Lisan Perbatasan Kalimantan Barat, Indonesia ‒ Sarawak, Malaysia dalam Kerangka Pelestarian Budaya Indonesia","Yusup Irawan, S.Pd., M.Hum.",Anggota,BRIN Non-PRSDI
R021,Rekayasa Pengetahuan dan Data (Knowledge and Data Engineering),"Kegiatan Riset Pembangunan Sistem Big Data Bahasa dan Folklor Lisan Perbatasan Kalimantan Barat, Indonesia ‒ Sarawak, Malaysia dalam Kerangka Pelestarian Budaya Indonesia","Dedy Ari Asfar, S.Pd., M.Pd.",Anggota,BRIN Non-PRSDI
R021,Rekayasa Pengetahuan dan Data (Knowledge and Data Engineering),"Kegiatan Riset Pembangunan Sistem Big Data Bahasa dan Folklor Lisan Perbatasan Kalimantan Barat, Indonesia ‒ Sarawak, Malaysia dalam Kerangka Pelestarian Budaya Indonesia","Irmayani, S.Pd., M.A.",Anggota,BRIN Non-PRSDI
R021,Rekayasa Pengetahuan dan Data (Knowledge and Data Engineering),"Kegiatan Riset Pembangunan Sistem Big Data Bahasa dan Folklor Lisan Perbatasan Kalimantan Barat, Indonesia ‒ Sarawak, Malaysia dalam Kerangka Pelestarian Budaya Indonesia",Dr. Herpanus,Anggota,Eksternal BRIN
R021,Rekayasa Pengetahuan dan Data (Knowledge and Data Engineering),"Kegiatan Riset Pembangunan Sistem Big Data Bahasa dan Folklor Lisan Perbatasan Kalimantan Barat, Indonesia ‒ Sarawak, Malaysia dalam Kerangka Pelestarian Budaya Indonesia","Muhammad Pramulya, M.Si.",Anggota,Eksternal BRIN
R021,Rekayasa Pengetahuan dan Data (Knowledge and Data Engineering),"Kegiatan Riset Pembangunan Sistem Big Data Bahasa dan Folklor Lisan Perbatasan Kalimantan Barat, Indonesia ‒ Sarawak, Malaysia dalam Kerangka Pelestarian Budaya Indonesia","Lilian Slow, S.S., M.Hum.",Anggota,Eksternal BRIN
R022,Rekayasa Pengetahuan dan Data (Knowledge and Data Engineering),"Kegiatan Riset Mandiri tentang Analisis Citra Satelit Untuk Klasifikasi Tutupan Lahan, Kekeringan dan Proyeksi Perubahan Lahan Pertanian di Masa Depan.","Wawan Hendriawan Nur, S.Si., M.T.",Koordinator,BRIN PRSDI
R022,Rekayasa Pengetahuan dan Data (Knowledge and Data Engineering),"Kegiatan Riset Mandiri tentang Analisis Citra Satelit Untuk Klasifikasi Tutupan Lahan, Kekeringan dan Proyeksi Perubahan Lahan Pertanian di Masa Depan.","Tedy Mutakin, S.T.",Anggota,BRIN PRSDI
R022,Rekayasa Pengetahuan dan Data (Knowledge and Data Engineering),"Kegiatan Riset Mandiri tentang Analisis Citra Satelit Untuk Klasifikasi Tutupan Lahan, Kekeringan dan Proyeksi Perubahan Lahan Pertanian di Masa Depan.","Satrio Adi Priyambada, S.Kom., M.Kom., Ph.D.",Anggota,BRIN PRSDI
R022,Rekayasa Pengetahuan dan Data (Knowledge and Data Engineering),"Kegiatan Riset Mandiri tentang Analisis Citra Satelit Untuk Klasifikasi Tutupan Lahan, Kekeringan dan Proyeksi Perubahan Lahan Pertanian di Masa Depan.","Dr. Arya Adhyaksa Waskita, M.Si.",Anggota,BRIN PRSDI
R022,Rekayasa Pengetahuan dan Data (Knowledge and Data Engineering),"Kegiatan Riset Mandiri tentang Analisis Citra Satelit Untuk Klasifikasi Tutupan Lahan, Kekeringan dan Proyeksi Perubahan Lahan Pertanian di Masa Depan.","Rahardito Dio Prastowo, S.T., M.T.I.",Anggota,BRIN PRSDI
R022,Rekayasa Pengetahuan dan Data (Knowledge and Data Engineering),"Kegiatan Riset Mandiri tentang Analisis Citra Satelit Untuk Klasifikasi Tutupan Lahan, Kekeringan dan Proyeksi Perubahan Lahan Pertanian di Masa Depan.","Muhamad Jafar Elly, S.Kom., M.Si.",Anggota,BRIN PRSDI
R022,Rekayasa Pengetahuan dan Data (Knowledge and Data Engineering),"Kegiatan Riset Mandiri tentang Analisis Citra Satelit Untuk Klasifikasi Tutupan Lahan, Kekeringan dan Proyeksi Perubahan Lahan Pertanian di Masa Depan.","Titan Listiani, S.Si., MMG., MT., Ph.D.",Anggota,Eksternal BRIN
R022,Rekayasa Pengetahuan dan Data (Knowledge and Data Engineering),"Kegiatan Riset Mandiri tentang Analisis Citra Satelit Untuk Klasifikasi Tutupan Lahan, Kekeringan dan Proyeksi Perubahan Lahan Pertanian di Masa Depan.",Bayu Ardiayanto,Anggota,Eksternal BRIN
R022,Rekayasa Pengetahuan dan Data (Knowledge and Data Engineering),"Kegiatan Riset Mandiri tentang Analisis Citra Satelit Untuk Klasifikasi Tutupan Lahan, Kekeringan dan Proyeksi Perubahan Lahan Pertanian di Masa Depan.",Dewi Mustika Pertiwi,Anggota,Eksternal BRIN
R022,Rekayasa Pengetahuan dan Data (Knowledge and Data Engineering),"Kegiatan Riset Mandiri tentang Analisis Citra Satelit Untuk Klasifikasi Tutupan Lahan, Kekeringan dan Proyeksi Perubahan Lahan Pertanian di Masa Depan.",Dina Haryanti,Anggota,Eksternal BRIN
R022,Rekayasa Pengetahuan dan Data (Knowledge and Data Engineering),"Kegiatan Riset Mandiri tentang Analisis Citra Satelit Untuk Klasifikasi Tutupan Lahan, Kekeringan dan Proyeksi Perubahan Lahan Pertanian di Masa Depan.",Khafidz Asshidqi Al Awaby,Anggota,Eksternal BRIN
R023,Rekayasa Pengetahuan dan Data (Knowledge and Data Engineering),Kegiatan Riset Mandiri tentang Pengembangan Sistem Identifikasi Tanaman Hoya Berbasis Deep Learning dan Aturan Morfologi untuk Implementasi Aplikasi Mobile iHoya.,"Siti Kania Kushadiani, S.T., M.Kom.",Koordinator,BRIN PRSDI
R023,Rekayasa Pengetahuan dan Data (Knowledge and Data Engineering),Kegiatan Riset Mandiri tentang Pengembangan Sistem Identifikasi Tanaman Hoya Berbasis Deep Learning dan Aturan Morfologi untuk Implementasi Aplikasi Mobile iHoya.,"Dr. Foni Agus Setiawan, M.Kom.",Anggota,BRIN PRSDI
R023,Rekayasa Pengetahuan dan Data (Knowledge and Data Engineering),Kegiatan Riset Mandiri tentang Pengembangan Sistem Identifikasi Tanaman Hoya Berbasis Deep Learning dan Aturan Morfologi untuk Implementasi Aplikasi Mobile iHoya.,"Lindung Parningotan Manik, PDEng.",Anggota,BRIN PRSDI
R023,Rekayasa Pengetahuan dan Data (Knowledge and Data Engineering),Kegiatan Riset Mandiri tentang Pengembangan Sistem Identifikasi Tanaman Hoya Berbasis Deep Learning dan Aturan Morfologi untuk Implementasi Aplikasi Mobile iHoya.,"Wawan Hendriawan Nur, S.Si., M.T.",Anggota,BRIN PRSDI
R023,Rekayasa Pengetahuan dan Data (Knowledge and Data Engineering),Kegiatan Riset Mandiri tentang Pengembangan Sistem Identifikasi Tanaman Hoya Berbasis Deep Learning dan Aturan Morfologi untuk Implementasi Aplikasi Mobile iHoya.,"Tedy Mutakin, S.T.",Anggota,BRIN PRSDI
R023,Rekayasa Pengetahuan dan Data (Knowledge and Data Engineering),Kegiatan Riset Mandiri tentang Pengembangan Sistem Identifikasi Tanaman Hoya Berbasis Deep Learning dan Aturan Morfologi untuk Implementasi Aplikasi Mobile iHoya.,"Muhamad Jafar Elly, S.Kom., M.Si.",Anggota,BRIN PRSDI
R023,Rekayasa Pengetahuan dan Data (Knowledge and Data Engineering),Kegiatan Riset Mandiri tentang Pengembangan Sistem Identifikasi Tanaman Hoya Berbasis Deep Learning dan Aturan Morfologi untuk Implementasi Aplikasi Mobile iHoya.,"Prof. Dr. Ir. Sri Rahayu, M.Si.",Anggota,BRIN Non-PRSDI
R023,Rekayasa Pengetahuan dan Data (Knowledge and Data Engineering),Kegiatan Riset Mandiri tentang Pengembangan Sistem Identifikasi Tanaman Hoya Berbasis Deep Learning dan Aturan Morfologi untuk Implementasi Aplikasi Mobile iHoya.,"Al Hafiz Akbar Maulana Siagian, Ph.D.",Anggota,BRIN Non-PRSDI
R023,Rekayasa Pengetahuan dan Data (Knowledge and Data Engineering),Kegiatan Riset Mandiri tentang Pengembangan Sistem Identifikasi Tanaman Hoya Berbasis Deep Learning dan Aturan Morfologi untuk Implementasi Aplikasi Mobile iHoya.,Shiddiq Saiful Aziz,Anggota,Eksternal BRIN
R023,Rekayasa Pengetahuan dan Data (Knowledge and Data Engineering),Kegiatan Riset Mandiri tentang Pengembangan Sistem Identifikasi Tanaman Hoya Berbasis Deep Learning dan Aturan Morfologi untuk Implementasi Aplikasi Mobile iHoya.,Dini Rahmawati,Anggota,Eksternal BRIN
R023,Rekayasa Pengetahuan dan Data (Knowledge and Data Engineering),Kegiatan Riset Mandiri tentang Pengembangan Sistem Identifikasi Tanaman Hoya Berbasis Deep Learning dan Aturan Morfologi untuk Implementasi Aplikasi Mobile iHoya.,Alya Dwinanda,Anggota,Eksternal BRIN
R023,Rekayasa Pengetahuan dan Data (Knowledge and Data Engineering),Kegiatan Riset Mandiri tentang Pengembangan Sistem Identifikasi Tanaman Hoya Berbasis Deep Learning dan Aturan Morfologi untuk Implementasi Aplikasi Mobile iHoya.,"Gibtha Fitri Laxmi, M.Kom",Anggota,Eksternal BRIN
R023,Rekayasa Pengetahuan dan Data (Knowledge and Data Engineering),Kegiatan Riset Mandiri tentang Pengembangan Sistem Identifikasi Tanaman Hoya Berbasis Deep Learning dan Aturan Morfologi untuk Implementasi Aplikasi Mobile iHoya.,Hafid Riyadi,Anggota,Eksternal BRIN
R023,Rekayasa Pengetahuan dan Data (Knowledge and Data Engineering),Kegiatan Riset Mandiri tentang Pengembangan Sistem Identifikasi Tanaman Hoya Berbasis Deep Learning dan Aturan Morfologi untuk Implementasi Aplikasi Mobile iHoya.,"Prof. Dr. Ir. Iskandar Z. Siregar, M.Sc. F.Trop.",Anggota,Eksternal BRIN
R024,Pengolahan Bahasa Alami (Natural Language Processing),Kegiatan Riset Pengembangan Mesin Penerjemah Bahasa Bugis - Bahasa Indonesia dan Sebaliknya,"Dr. Eng. Ir. Yuyun, S.Kom., M.T.",Koordinator,BRIN PRSDI
R024,Pengolahan Bahasa Alami (Natural Language Processing),Kegiatan Riset Pengembangan Mesin Penerjemah Bahasa Bugis - Bahasa Indonesia dan Sebaliknya,"M. Teduh Uliniansyah, B.Eng., M.Sc., Ph.D.",Anggota,BRIN PRSDI
R024,Pengolahan Bahasa Alami (Natural Language Processing),Kegiatan Riset Pengembangan Mesin Penerjemah Bahasa Bugis - Bahasa Indonesia dan Sebaliknya,"Ir. Andi Djalal Latief, M.S.",Anggota,BRIN PRSDI
R024,Pengolahan Bahasa Alami (Natural Language Processing),Kegiatan Riset Pengembangan Mesin Penerjemah Bahasa Bugis - Bahasa Indonesia dan Sebaliknya,Ir. Gunarso,Anggota,BRIN PRSDI
R024,Pengolahan Bahasa Alami (Natural Language Processing),Kegiatan Riset Pengembangan Mesin Penerjemah Bahasa Bugis - Bahasa Indonesia dan Sebaliknya,"Agung Santosa, BSEE, M.Kom.",Anggota,BRIN PRSDI
R024,Pengolahan Bahasa Alami (Natural Language Processing),Kegiatan Riset Pengembangan Mesin Penerjemah Bahasa Bugis - Bahasa Indonesia dan Sebaliknya,"Radhiyatul Fajri, S.Kom., M.Kom., M.Pd.T.",Anggota,BRIN PRSDI
R025,Pengolahan Bahasa Alami (Natural Language Processing),Kegiatan Riset Pengembangan Mesin Penerjemah Bahasa Makassar - Bahasa Indonesia dan Sebaliknya serta Mesin Penerjemah Bahasa Cia Cia - Bahasa Indonesia dan Sebaliknya,"M. Teduh Uliniansyah, B.Eng., M.Sc., Ph.D.",Koordinator,BRIN PRSDI
R025,Pengolahan Bahasa Alami (Natural Language Processing),Kegiatan Riset Pengembangan Mesin Penerjemah Bahasa Makassar - Bahasa Indonesia dan Sebaliknya serta Mesin Penerjemah Bahasa Cia Cia - Bahasa Indonesia dan Sebaliknya,"Dr. Eng. Ir. Yuyun, S.Kom., M.T.",Anggota,BRIN PRSDI
R025,Pengolahan Bahasa Alami (Natural Language Processing),Kegiatan Riset Pengembangan Mesin Penerjemah Bahasa Makassar - Bahasa Indonesia dan Sebaliknya serta Mesin Penerjemah Bahasa Cia Cia - Bahasa Indonesia dan Sebaliknya,Ir. Gunarso,Anggota,BRIN PRSDI
R025,Pengolahan Bahasa Alami (Natural Language Processing),Kegiatan Riset Pengembangan Mesin Penerjemah Bahasa Makassar - Bahasa Indonesia dan Sebaliknya serta Mesin Penerjemah Bahasa Cia Cia - Bahasa Indonesia dan Sebaliknya,"Dr. Kokoy Siti Komariah, S.Kom., M.T., M.Eng.",Anggota,BRIN PRSDI
R025,Pengolahan Bahasa Alami (Natural Language Processing),Kegiatan Riset Pengembangan Mesin Penerjemah Bahasa Makassar - Bahasa Indonesia dan Sebaliknya serta Mesin Penerjemah Bahasa Cia Cia - Bahasa Indonesia dan Sebaliknya,"Ir. Andi Djalal Latief, M.S.",Anggota,BRIN PRSDI
R025,Pengolahan Bahasa Alami (Natural Language Processing),Kegiatan Riset Pengembangan Mesin Penerjemah Bahasa Makassar - Bahasa Indonesia dan Sebaliknya serta Mesin Penerjemah Bahasa Cia Cia - Bahasa Indonesia dan Sebaliknya,"Radhiyatul Fajri, S.Kom., M.Kom., M.Pd.T.",Anggota,BRIN PRSDI
R026,Pengolahan Bahasa Alami (Natural Language Processing),Kegiatan Riset Peningkatan Performa Deteksi Informasi Palsu,"Dr. Rini Wijayanti, S.Kom., M.Kom.",Koordinator,BRIN PRSDI
R026,Pengolahan Bahasa Alami (Natural Language Processing),Kegiatan Riset Peningkatan Performa Deteksi Informasi Palsu,"Iftitahu Ni`mah, S.Kom., M.I.T.",Anggota,BRIN PRSDI
R026,Pengolahan Bahasa Alami (Natural Language Processing),Kegiatan Riset Peningkatan Performa Deteksi Informasi Palsu,"Agung Santosa, BSEE, M.Kom.",Anggota,BRIN PRSDI
R026,Pengolahan Bahasa Alami (Natural Language Processing),Kegiatan Riset Peningkatan Performa Deteksi Informasi Palsu,"Dr. Dipl. Ing. (FH) Asril, M.Sc.",Anggota,BRIN PRSDI
R026,Pengolahan Bahasa Alami (Natural Language Processing),Kegiatan Riset Peningkatan Performa Deteksi Informasi Palsu,"M. Teduh Uliniansyah, B.Eng., M.Sc., Ph.D.",Anggota,BRIN PRSDI
R026,Pengolahan Bahasa Alami (Natural Language Processing),Kegiatan Riset Peningkatan Performa Deteksi Informasi Palsu,"Ir. Tri Sampurno, M.Sc.",Anggota,BRIN PRSDI
R026,Pengolahan Bahasa Alami (Natural Language Processing),Kegiatan Riset Peningkatan Performa Deteksi Informasi Palsu,"Dr. Eng. Ir. Yuyun, S.Kom., M.T.",Anggota,BRIN PRSDI
R027,Pengolahan Bahasa Alami (Natural Language Processing),"Kegiatan Riset Mandiri tentang Penerapan Teknologi NLP dan GIS untuk Sistem Pendukung Keputusan di Bidang Lingkungan, Kebencanaan, dan Dinamika Sosial.","Prabu Kresna Putra, S.T., M.T.I.",Koordinator,BRIN PRSDI
R027,Pengolahan Bahasa Alami (Natural Language Processing),"Kegiatan Riset Mandiri tentang Penerapan Teknologi NLP dan GIS untuk Sistem Pendukung Keputusan di Bidang Lingkungan, Kebencanaan, dan Dinamika Sosial.","Dr. Dipl. Ing. (FH) Asril, M.Sc.",Anggota,BRIN PRSDI
R027,Pengolahan Bahasa Alami (Natural Language Processing),"Kegiatan Riset Mandiri tentang Penerapan Teknologi NLP dan GIS untuk Sistem Pendukung Keputusan di Bidang Lingkungan, Kebencanaan, dan Dinamika Sosial.","Agung Santosa, BSEE, M.Kom.",Anggota,BRIN PRSDI
R027,Pengolahan Bahasa Alami (Natural Language Processing),"Kegiatan Riset Mandiri tentang Penerapan Teknologi NLP dan GIS untuk Sistem Pendukung Keputusan di Bidang Lingkungan, Kebencanaan, dan Dinamika Sosial.","Dr. Yaniasih, S.TP., M.P.",Anggota,BRIN PRSDI
R027,Pengolahan Bahasa Alami (Natural Language Processing),"Kegiatan Riset Mandiri tentang Penerapan Teknologi NLP dan GIS untuk Sistem Pendukung Keputusan di Bidang Lingkungan, Kebencanaan, dan Dinamika Sosial.","Elvira Nurfadhilah, S.Kom., M.Kom.",Anggota,BRIN PRSDI
R027,Pengolahan Bahasa Alami (Natural Language Processing),"Kegiatan Riset Mandiri tentang Penerapan Teknologi NLP dan GIS untuk Sistem Pendukung Keputusan di Bidang Lingkungan, Kebencanaan, dan Dinamika Sosial.","M. Teduh Uliniansyah, B.Eng., M.Sc., Ph.D.",Anggota,BRIN PRSDI
R027,Pengolahan Bahasa Alami (Natural Language Processing),"Kegiatan Riset Mandiri tentang Penerapan Teknologi NLP dan GIS untuk Sistem Pendukung Keputusan di Bidang Lingkungan, Kebencanaan, dan Dinamika Sosial.","Siska Pebiana, S.Kom., M.Kom.",Anggota,BRIN PRSDI
R028,Pengolahan Bahasa Alami (Natural Language Processing),Kegiatan Riset Pendanaan Skema RIIM Kompetitif Batch-7 tentang Pengembangan Sistem Kustomisasi Model Bahasa untuk Meningkatkan Akurasi Whisper dalam Pengenalan Ucapan Otomatis Ujung-ke-Ujung,"Dr. Dipl. Ing. (FH) Asril, M.Sc.",Koordinator,BRIN PRSDI
R028,Pengolahan Bahasa Alami (Natural Language Processing),Kegiatan Riset Pendanaan Skema RIIM Kompetitif Batch-7 tentang Pengembangan Sistem Kustomisasi Model Bahasa untuk Meningkatkan Akurasi Whisper dalam Pengenalan Ucapan Otomatis Ujung-ke-Ujung,"Agung Santosa, BSEE, M.Kom.",Anggota,BRIN PRSDI
R028,Pengolahan Bahasa Alami (Natural Language Processing),Kegiatan Riset Pendanaan Skema RIIM Kompetitif Batch-7 tentang Pengembangan Sistem Kustomisasi Model Bahasa untuk Meningkatkan Akurasi Whisper dalam Pengenalan Ucapan Otomatis Ujung-ke-Ujung,"Lyla Ruslana Aini, S.Kom.",Anggota,BRIN PRSDI
R028,Pengolahan Bahasa Alami (Natural Language Processing),Kegiatan Riset Pendanaan Skema RIIM Kompetitif Batch-7 tentang Pengembangan Sistem Kustomisasi Model Bahasa untuk Meningkatkan Akurasi Whisper dalam Pengenalan Ucapan Otomatis Ujung-ke-Ujung,"M. Teduh Uliniansyah, B.Eng., M.Sc., Ph.D.",Anggota,BRIN PRSDI
R028,Pengolahan Bahasa Alami (Natural Language Processing),Kegiatan Riset Pendanaan Skema RIIM Kompetitif Batch-7 tentang Pengembangan Sistem Kustomisasi Model Bahasa untuk Meningkatkan Akurasi Whisper dalam Pengenalan Ucapan Otomatis Ujung-ke-Ujung,Ir. Gunarso,Anggota,BRIN PRSDI
R028,Pengolahan Bahasa Alami (Natural Language Processing),Kegiatan Riset Pendanaan Skema RIIM Kompetitif Batch-7 tentang Pengembangan Sistem Kustomisasi Model Bahasa untuk Meningkatkan Akurasi Whisper dalam Pengenalan Ucapan Otomatis Ujung-ke-Ujung,"Siska Pebiana, S.Kom., M.Kom.",Anggota,BRIN PRSDI
R029,Pengolahan Bahasa Alami (Natural Language Processing),Kegiatan Riset Mandiri tentang Analisis Bahasa Kutipan pada Artikel Jurnal Ilmiah,"Dr. Yaniasih, S.TP., M.P.",Koordinator,BRIN PRSDI
R029,Pengolahan Bahasa Alami (Natural Language Processing),Kegiatan Riset Mandiri tentang Analisis Bahasa Kutipan pada Artikel Jurnal Ilmiah,"Dr. Eng. Budi Nugroho, S.Si., M.T.",Anggota,BRIN PRSDI
R029,Pengolahan Bahasa Alami (Natural Language Processing),Kegiatan Riset Mandiri tentang Analisis Bahasa Kutipan pada Artikel Jurnal Ilmiah,"Dr. Ambar Yoganingrum, Apt., M.Kes.",Anggota,BRIN PRSDI
R029,Pengolahan Bahasa Alami (Natural Language Processing),Kegiatan Riset Mandiri tentang Analisis Bahasa Kutipan pada Artikel Jurnal Ilmiah,"Dr. Ira Maryati, S.TP., M.P.",Anggota,BRIN PRSDI
R029,Pengolahan Bahasa Alami (Natural Language Processing),Kegiatan Riset Mandiri tentang Analisis Bahasa Kutipan pada Artikel Jurnal Ilmiah,"Dr. Ekawati Marlina, S.T., M.T.",Anggota,BRIN PRSDI
R030,Pengolahan Bahasa Alami (Natural Language Processing),Kegiatan Riset Mandiri tentang Chatbot Lisa (Hemodialisa) dan Chatbot Adenomiosis Endometriosis berbasis Large Language Model (LLM) dan Retrieval-Augmented Generation (RAG),"Elvira Nurfadhilah, S.Kom., M.Kom.",Koordinator,BRIN PRSDI
R030,Pengolahan Bahasa Alami (Natural Language Processing),Kegiatan Riset Mandiri tentang Chatbot Lisa (Hemodialisa) dan Chatbot Adenomiosis Endometriosis berbasis Large Language Model (LLM) dan Retrieval-Augmented Generation (RAG),"Lyla Ruslana Aini, S.Kom.",Anggota,BRIN PRSDI
R030,Pengolahan Bahasa Alami (Natural Language Processing),Kegiatan Riset Mandiri tentang Chatbot Lisa (Hemodialisa) dan Chatbot Adenomiosis Endometriosis berbasis Large Language Model (LLM) dan Retrieval-Augmented Generation (RAG),"Agung Santosa, BSEE, M.Kom.",Anggota,BRIN PRSDI
R030,Pengolahan Bahasa Alami (Natural Language Processing),Kegiatan Riset Mandiri tentang Chatbot Lisa (Hemodialisa) dan Chatbot Adenomiosis Endometriosis berbasis Large Language Model (LLM) dan Retrieval-Augmented Generation (RAG),"Prabu Kresna Putra, S.T., M.T.I.",Anggota,BRIN PRSDI
R030,Pengolahan Bahasa Alami (Natural Language Processing),Kegiatan Riset Mandiri tentang Chatbot Lisa (Hemodialisa) dan Chatbot Adenomiosis Endometriosis berbasis Large Language Model (LLM) dan Retrieval-Augmented Generation (RAG),"M. Teduh Uliniansyah, B.Eng., M.Sc., Ph.D.",Anggota,BRIN PRSDI
R030,Pengolahan Bahasa Alami (Natural Language Processing),Kegiatan Riset Mandiri tentang Chatbot Lisa (Hemodialisa) dan Chatbot Adenomiosis Endometriosis berbasis Large Language Model (LLM) dan Retrieval-Augmented Generation (RAG),"Siska Pebiana, S.Kom., M.Kom.",Anggota,BRIN PRSDI
R030,Pengolahan Bahasa Alami (Natural Language Processing),Kegiatan Riset Mandiri tentang Chatbot Lisa (Hemodialisa) dan Chatbot Adenomiosis Endometriosis berbasis Large Language Model (LLM) dan Retrieval-Augmented Generation (RAG),"Radhiyatul Fajri, S.Kom., M.Kom., M.Pd.T.",Anggota,BRIN PRSDI
R030,Pengolahan Bahasa Alami (Natural Language Processing),Kegiatan Riset Mandiri tentang Chatbot Lisa (Hemodialisa) dan Chatbot Adenomiosis Endometriosis berbasis Large Language Model (LLM) dan Retrieval-Augmented Generation (RAG),"Dr. Esa Prakasa, M.T.",Anggota,BRIN PRSDI
R030,Pengolahan Bahasa Alami (Natural Language Processing),Kegiatan Riset Mandiri tentang Chatbot Lisa (Hemodialisa) dan Chatbot Adenomiosis Endometriosis berbasis Large Language Model (LLM) dan Retrieval-Augmented Generation (RAG),Ir. Gunarso,Anggota,BRIN PRSDI
R030,Pengolahan Bahasa Alami (Natural Language Processing),Kegiatan Riset Mandiri tentang Chatbot Lisa (Hemodialisa) dan Chatbot Adenomiosis Endometriosis berbasis Large Language Model (LLM) dan Retrieval-Augmented Generation (RAG),"Nuraisa Novia Hidayati, M.Kom.",Anggota,BRIN PRSDI
R030,Pengolahan Bahasa Alami (Natural Language Processing),Kegiatan Riset Mandiri tentang Chatbot Lisa (Hemodialisa) dan Chatbot Adenomiosis Endometriosis berbasis Large Language Model (LLM) dan Retrieval-Augmented Generation (RAG),Luthfi Atikah,Anggota,Eksternal BRIN
R030,Pengolahan Bahasa Alami (Natural Language Processing),Kegiatan Riset Mandiri tentang Chatbot Lisa (Hemodialisa) dan Chatbot Adenomiosis Endometriosis berbasis Large Language Model (LLM) dan Retrieval-Augmented Generation (RAG),"Dr.dr Sri Idaiani, SpKJ",Anggota,BRIN Non-PRSDI
R030,Pengolahan Bahasa Alami (Natural Language Processing),Kegiatan Riset Mandiri tentang Chatbot Lisa (Hemodialisa) dan Chatbot Adenomiosis Endometriosis berbasis Large Language Model (LLM) dan Retrieval-Augmented Generation (RAG),"dr. Bertie Riyestavani, MM., CHAE., CHQP.",Anggota,Eksternal BRIN
R031,Pengolahan Bahasa Alami (Natural Language Processing),Kegiatan Riset Mandiri tentang Pengembangan Perkakas Pelabelan Fonem untuk Bahasa Indonesia dengan Bantuan Kecerdasan Artifisial.,"Agung Santosa, BSEE, M.Kom.",Koordinator,BRIN PRSDI
R031,Pengolahan Bahasa Alami (Natural Language Processing),Kegiatan Riset Mandiri tentang Pengembangan Perkakas Pelabelan Fonem untuk Bahasa Indonesia dengan Bantuan Kecerdasan Artifisial.,"Dr. Dipl. Ing. (FH) Asril, M.Sc.",Anggota,BRIN PRSDI
R031,Pengolahan Bahasa Alami (Natural Language Processing),Kegiatan Riset Mandiri tentang Pengembangan Perkakas Pelabelan Fonem untuk Bahasa Indonesia dengan Bantuan Kecerdasan Artifisial.,"M. Teduh Uliniansyah, B.Eng., M.Sc., Ph.D.",Anggota,BRIN PRSDI
R031,Pengolahan Bahasa Alami (Natural Language Processing),Kegiatan Riset Mandiri tentang Pengembangan Perkakas Pelabelan Fonem untuk Bahasa Indonesia dengan Bantuan Kecerdasan Artifisial.,Ir. Gunarso,Anggota,BRIN PRSDI
R031,Pengolahan Bahasa Alami (Natural Language Processing),Kegiatan Riset Mandiri tentang Pengembangan Perkakas Pelabelan Fonem untuk Bahasa Indonesia dengan Bantuan Kecerdasan Artifisial.,"Lyla Ruslana Aini, S.Kom.",Anggota,BRIN PRSDI
R031,Pengolahan Bahasa Alami (Natural Language Processing),Kegiatan Riset Mandiri tentang Pengembangan Perkakas Pelabelan Fonem untuk Bahasa Indonesia dengan Bantuan Kecerdasan Artifisial.,"Elvira Nurfadhilah, S.Kom., M.Kom.",Anggota,BRIN PRSDI
R031,Pengolahan Bahasa Alami (Natural Language Processing),Kegiatan Riset Mandiri tentang Pengembangan Perkakas Pelabelan Fonem untuk Bahasa Indonesia dengan Bantuan Kecerdasan Artifisial.,"Siska Pebiana, S.Kom., M.Kom.",Anggota,BRIN PRSDI
R032,Pengolahan Bahasa Alami (Natural Language Processing),Kegiatan Riset Pengembangan Chatbot AI sebagai Sistem Pendukung Keputusan untuk Sinkronisasi Regulasi Keamanan Laut di Indonesia,"Iftitahu Ni`mah, S.Kom., M.I.T.",Koordinator,BRIN PRSDI
R032,Pengolahan Bahasa Alami (Natural Language Processing),Kegiatan Riset Pengembangan Chatbot AI sebagai Sistem Pendukung Keputusan untuk Sinkronisasi Regulasi Keamanan Laut di Indonesia,"M. Teduh Uliniansyah, B.Eng., M.Sc., Ph.D.",Anggota,BRIN PRSDI
R032,Pengolahan Bahasa Alami (Natural Language Processing),Kegiatan Riset Pengembangan Chatbot AI sebagai Sistem Pendukung Keputusan untuk Sinkronisasi Regulasi Keamanan Laut di Indonesia,"Dr. Rini Wijayanti, S.Kom., M.Kom.",Anggota,BRIN PRSDI
R032,Pengolahan Bahasa Alami (Natural Language Processing),Kegiatan Riset Pengembangan Chatbot AI sebagai Sistem Pendukung Keputusan untuk Sinkronisasi Regulasi Keamanan Laut di Indonesia,"Radhiyatul Fajri, S.Kom., M.Kom., M.Pd.T.",Anggota,BRIN PRSDI
R032,Pengolahan Bahasa Alami (Natural Language Processing),Kegiatan Riset Pengembangan Chatbot AI sebagai Sistem Pendukung Keputusan untuk Sinkronisasi Regulasi Keamanan Laut di Indonesia,"Siska Pebiana, S.Kom., M.Kom.",Anggota,BRIN PRSDI
R032,Pengolahan Bahasa Alami (Natural Language Processing),Kegiatan Riset Pengembangan Chatbot AI sebagai Sistem Pendukung Keputusan untuk Sinkronisasi Regulasi Keamanan Laut di Indonesia,"Nuraisa Novia Hidayati, M.Kom.",Anggota,BRIN PRSDI
R032,Pengolahan Bahasa Alami (Natural Language Processing),Kegiatan Riset Pengembangan Chatbot AI sebagai Sistem Pendukung Keputusan untuk Sinkronisasi Regulasi Keamanan Laut di Indonesia,"Lyla Ruslana Aini, S.Kom.",Anggota,BRIN PRSDI
R033,Pengolahan Bahasa Alami (Natural Language Processing),Kegiatan Riset Mandiri tentang AI untuk pembelajaran Bilingual,"M. Teduh Uliniansyah, B.Eng., M.Sc., Ph.D.",Koordinator,BRIN PRSDI
R033,Pengolahan Bahasa Alami (Natural Language Processing),Kegiatan Riset Mandiri tentang AI untuk pembelajaran Bilingual,"Dr. Eng. Ir. Yuyun, S.Kom., M.T.",Anggota,BRIN PRSDI
R033,Pengolahan Bahasa Alami (Natural Language Processing),Kegiatan Riset Mandiri tentang AI untuk pembelajaran Bilingual,"Dr. Ambar Yoganingrum, Apt., M.Kes.",Anggota,BRIN PRSDI
R033,Pengolahan Bahasa Alami (Natural Language Processing),Kegiatan Riset Mandiri tentang AI untuk pembelajaran Bilingual,"Dr. Kokoy Siti Komariah, S.Kom., M.T., M.Eng.",Anggota,BRIN PRSDI
R033,Pengolahan Bahasa Alami (Natural Language Processing),Kegiatan Riset Mandiri tentang AI untuk pembelajaran Bilingual,"Ir. Andi Djalal Latief, M.S.",Anggota,BRIN PRSDI
R033,Pengolahan Bahasa Alami (Natural Language Processing),Kegiatan Riset Mandiri tentang AI untuk pembelajaran Bilingual,"Agung Santosa, BSEE, M.Kom.",Anggota,BRIN PRSDI
R033,Pengolahan Bahasa Alami (Natural Language Processing),Kegiatan Riset Mandiri tentang AI untuk pembelajaran Bilingual,"Elvira Nurfadhilah, S.Kom., M.Kom.",Anggota,BRIN PRSDI
R033,Pengolahan Bahasa Alami (Natural Language Processing),Kegiatan Riset Mandiri tentang AI untuk pembelajaran Bilingual,"Prabu Kresna Putra, S.T., M.T.I.",Anggota,BRIN PRSDI
R033,Pengolahan Bahasa Alami (Natural Language Processing),Kegiatan Riset Mandiri tentang AI untuk pembelajaran Bilingual,"Nimas Ayu Untariyati, S.Kom., M.T.I.",Anggota,BRIN PRSDI
R033,Pengolahan Bahasa Alami (Natural Language Processing),Kegiatan Riset Mandiri tentang AI untuk pembelajaran Bilingual,"Radhiyatul Fajri, S.Kom., M.Kom., M.Pd.T.",Anggota,BRIN PRSDI
R033,Pengolahan Bahasa Alami (Natural Language Processing),Kegiatan Riset Mandiri tentang AI untuk pembelajaran Bilingual,"Siska Pebiana, S.Kom., M.Kom.",Anggota,BRIN PRSDI
R033,Pengolahan Bahasa Alami (Natural Language Processing),Kegiatan Riset Mandiri tentang AI untuk pembelajaran Bilingual,"Dr. Ir. Hammam Riza, M.Sc.",Anggota,BRIN Non-PRSDI